{
 "ours_20000": {
  "SSIM": {
   "00001.png": 0.9717439413070679,
   "00000.png": 0.9683147072792053,
   "00002.png": 0.9715709090232849,
   "00008.png": 0.9817965626716614,
   "00004.png": 0.9749302268028259,
   "00011.png": 0.9753339886665344,
   "00010.png": 0.9674450755119324,
   "00017.png": 0.9790682196617126,
   "00006.png": 0.9783515930175781,
   "00018.png": 0.9744670391082764,
   "00016.png": 0.9822420477867126,
   "00013.png": 0.9643940925598145,
   "00007.png": 0.9671141505241394,
   "00012.png": 0.9717116355895996,
   "00019.png": 0.9646468758583069,
   "00015.png": 0.9848308563232422,
   "00005.png": 0.9749259948730469,
   "00014.png": 0.97636878490448,
   "00003.png": 0.9724158048629761,
   "00009.png": 0.9672121405601501
  },
  "PSNR": {
   "00001.png": 27.907588958740234,
   "00000.png": 27.676267623901367,
   "00002.png": 28.371105194091797,
   "00008.png": 31.288930892944336,
   "00004.png": 28.368038177490234,
   "00011.png": 28.441299438476562,
   "00010.png": 27.81842041015625,
   "00017.png": 31.06214714050293,
   "00006.png": 29.964475631713867,
   "00018.png": 28.74896812438965,
   "00016.png": 31.17373275756836,
   "00013.png": 27.177953720092773,
   "00007.png": 26.681201934814453,
   "00012.png": 26.75786781311035,
   "00019.png": 25.611480712890625,
   "00015.png": 31.87394142150879,
   "00005.png": 29.93292808532715,
   "00014.png": 29.290939331054688,
   "00003.png": 28.65886688232422,
   "00009.png": 27.76747703552246
  },
  "LPIPS-vgg": {
   "00001.png": 0.045054685324430466,
   "00000.png": 0.04255524277687073,
   "00002.png": 0.04512910917401314,
   "00008.png": 0.02526060864329338,
   "00004.png": 0.035167794674634933,
   "00011.png": 0.03647788241505623,
   "00010.png": 0.04357123374938965,
   "00017.png": 0.03086867369711399,
   "00006.png": 0.03226586431264877,
   "00018.png": 0.0352640375494957,
   "00016.png": 0.02622048743069172,
   "00013.png": 0.04802696406841278,
   "00007.png": 0.04404638707637787,
   "00012.png": 0.036709047853946686,
   "00019.png": 0.0438787080347538,
   "00015.png": 0.023811569437384605,
   "00005.png": 0.034917883574962616,
   "00014.png": 0.03627657890319824,
   "00003.png": 0.03886881098151207,
   "00009.png": 0.04230290651321411
  },
  "LPIPS-alex": {
   "00001.png": 0.028511662036180496,
   "00000.png": 0.029421593993902206,
   "00002.png": 0.028311163187026978,
   "00008.png": 0.017894404008984566,
   "00004.png": 0.0215659961104393,
   "00011.png": 0.02747967839241028,
   "00010.png": 0.025961127132177353,
   "00017.png": 0.018717480823397636,
   "00006.png": 0.019260946661233902,
   "00018.png": 0.02789938822388649,
   "00016.png": 0.015445063821971416,
   "00013.png": 0.032069653272628784,
   "00007.png": 0.031332068145275116,
   "00012.png": 0.028288088738918304,
   "00019.png": 0.035586386919021606,
   "00015.png": 0.015799589455127716,
   "00005.png": 0.01753244549036026,
   "00014.png": 0.02068455144762993,
   "00003.png": 0.026727160438895226,
   "00009.png": 0.026299843564629555
  },
  "MS-SSIM": {
   "00001.png": 0.9828714728355408,
   "00000.png": 0.9824342131614685,
   "00002.png": 0.9831904172897339,
   "00008.png": 0.9907304644584656,
   "00004.png": 0.9873671531677246,
   "00011.png": 0.9882470369338989,
   "00010.png": 0.9829078912734985,
   "00017.png": 0.9890673160552979,
   "00006.png": 0.9910444021224976,
   "00018.png": 0.9868144989013672,
   "00016.png": 0.9917176961898804,
   "00013.png": 0.9796409606933594,
   "00007.png": 0.9796136617660522,
   "00012.png": 0.9824185371398926,
   "00019.png": 0.9762188196182251,
   "00015.png": 0.9933135509490967,
   "00005.png": 0.9881179332733154,
   "00014.png": 0.9878853559494019,
   "00003.png": 0.9853802919387817,
   "00009.png": 0.9822880625724792
  },
  "D-SSIM": {
   "00001.png": 0.008564263582229614,
   "00000.png": 0.008782893419265747,
   "00002.png": 0.008404791355133057,
   "00008.png": 0.004634767770767212,
   "00004.png": 0.006316423416137695,
   "00011.png": 0.005876481533050537,
   "00010.png": 0.008546054363250732,
   "00017.png": 0.005466341972351074,
   "00006.png": 0.004477798938751221,
   "00018.png": 0.006592750549316406,
   "00016.png": 0.0041411519050598145,
   "00013.png": 0.010179519653320312,
   "00007.png": 0.010193169116973877,
   "00012.png": 0.008790731430053711,
   "00019.png": 0.011890590190887451,
   "00015.png": 0.00334322452545166,
   "00005.png": 0.005941033363342285,
   "00014.png": 0.006057322025299072,
   "00003.png": 0.007309854030609131,
   "00009.png": 0.008855968713760376
  }
 }
}