{
 "ours_20000": {
  "SSIM": 0.9734442830085754,
  "PSNR": 28.728679656982422,
  "LPIPS-vgg": 0.03733371943235397,
  "LPIPS-alex": 0.02473941631615162,
  "MS-SSIM": 0.9855634570121765,
  "D-SSIM": 0.007218256592750549
 }
}