{
 "ours_14000": {
  "SSIM": 0.3667880892753601,
  "PSNR": 22.023937225341797,
  "LPIPS-vgg": 0.5569942593574524,
  "LPIPS-alex": 0.547330915927887,
  "MS-SSIM": 0.6890509724617004,
  "D-SSIM": 0.1554744988679886
 }
}