{
 "ours_20000": {
  "SSIM": {
   "00000.png": 0.9929627776145935,
   "00001.png": 0.9932025074958801,
   "00002.png": 0.9931955337524414,
   "00003.png": 0.9916044473648071,
   "00004.png": 0.9947867393493652,
   "00005.png": 0.9954209923744202,
   "00006.png": 0.9946471452713013,
   "00007.png": 0.9922792315483093,
   "00008.png": 0.9937174320220947,
   "00009.png": 0.9955002665519714,
   "00010.png": 0.9955538511276245,
   "00011.png": 0.9947558641433716,
   "00012.png": 0.9950813055038452,
   "00013.png": 0.9941316246986389,
   "00014.png": 0.9952800869941711,
   "00015.png": 0.9938151836395264,
   "00016.png": 0.9942282438278198,
   "00017.png": 0.994613528251648,
   "00018.png": 0.9958415627479553,
   "00019.png": 0.9932442903518677
  },
  "PSNR": {
   "00000.png": 38.35425567626953,
   "00001.png": 40.36954879760742,
   "00002.png": 39.02647399902344,
   "00003.png": 38.074344635009766,
   "00004.png": 42.928382873535156,
   "00005.png": 40.41130828857422,
   "00006.png": 41.59963607788086,
   "00007.png": 37.10177230834961,
   "00008.png": 38.533748626708984,
   "00009.png": 43.191341400146484,
   "00010.png": 40.44195556640625,
   "00011.png": 43.37138748168945,
   "00012.png": 45.43208694458008,
   "00013.png": 41.64424514770508,
   "00014.png": 44.33290481567383,
   "00015.png": 39.73465347290039,
   "00016.png": 39.35968017578125,
   "00017.png": 40.239227294921875,
   "00018.png": 41.68146514892578,
   "00019.png": 38.441043853759766
  },
  "LPIPS-vgg": {
   "00000.png": 0.01894465647637844,
   "00001.png": 0.02022423967719078,
   "00002.png": 0.022801410406827927,
   "00003.png": 0.024341361597180367,
   "00004.png": 0.016419455409049988,
   "00005.png": 0.010722074657678604,
   "00006.png": 0.01758630946278572,
   "00007.png": 0.016018498688936234,
   "00008.png": 0.013429636135697365,
   "00009.png": 0.012562977150082588,
   "00010.png": 0.009745720773935318,
   "00011.png": 0.017626848071813583,
   "00012.png": 0.01298823393881321,
   "00013.png": 0.016034763306379318,
   "00014.png": 0.012991777621209621,
   "00015.png": 0.01543785072863102,
   "00016.png": 0.012547638267278671,
   "00017.png": 0.017216984182596207,
   "00018.png": 0.01189451850950718,
   "00019.png": 0.02390642836689949
  },
  "LPIPS-alex": {
   "00000.png": 0.008190605789422989,
   "00001.png": 0.007571985013782978,
   "00002.png": 0.00960067193955183,
   "00003.png": 0.012308312579989433,
   "00004.png": 0.00482186721637845,
   "00005.png": 0.0042045945301651955,
   "00006.png": 0.00882819015532732,
   "00007.png": 0.006535128690302372,
   "00008.png": 0.0063849035650491714,
   "00009.png": 0.005138401873409748,
   "00010.png": 0.005265768617391586,
   "00011.png": 0.008662947453558445,
   "00012.png": 0.004181643947958946,
   "00013.png": 0.006027762778103352,
   "00014.png": 0.003037696937099099,
   "00015.png": 0.007123607210814953,
   "00016.png": 0.004218950401991606,
   "00017.png": 0.0069838096387684345,
   "00018.png": 0.005382472183555365,
   "00019.png": 0.01184968464076519
  },
  "MS-SSIM": {
   "00000.png": 0.9952902793884277,
   "00001.png": 0.9925774931907654,
   "00002.png": 0.9926140308380127,
   "00003.png": 0.9901243448257446,
   "00004.png": 0.9947545528411865,
   "00005.png": 0.9970292448997498,
   "00006.png": 0.9962811470031738,
   "00007.png": 0.9933950304985046,
   "00008.png": 0.9959480166435242,
   "00009.png": 0.9971580505371094,
   "00010.png": 0.997694730758667,
   "00011.png": 0.9960023760795593,
   "00012.png": 0.9961923360824585,
   "00013.png": 0.9950962066650391,
   "00014.png": 0.9961395263671875,
   "00015.png": 0.9961409568786621,
   "00016.png": 0.9959375262260437,
   "00017.png": 0.996400773525238,
   "00018.png": 0.9978296756744385,
   "00019.png": 0.9936528205871582
  },
  "D-SSIM": {
   "00000.png": 0.002354860305786133,
   "00001.png": 0.0037112534046173096,
   "00002.png": 0.0036929845809936523,
   "00003.png": 0.0049378275871276855,
   "00004.png": 0.0026227235794067383,
   "00005.png": 0.001485377550125122,
   "00006.png": 0.001859426498413086,
   "00007.png": 0.0033024847507476807,
   "00008.png": 0.002025991678237915,
   "00009.png": 0.0014209747314453125,
   "00010.png": 0.001152634620666504,
   "00011.png": 0.001998811960220337,
   "00012.png": 0.001903831958770752,
   "00013.png": 0.0024518966674804688,
   "00014.png": 0.00193023681640625,
   "00015.png": 0.0019295215606689453,
   "00016.png": 0.0020312368869781494,
   "00017.png": 0.0017996132373809814,
   "00018.png": 0.0010851621627807617,
   "00019.png": 0.0031735897064208984
  }
 }
}