{
 "ours_20000": {
  "SSIM": 0.9941932559013367,
  "PSNR": 40.71347427368164,
  "LPIPS-vgg": 0.016172070056200027,
  "LPIPS-alex": 0.006815950386226177,
  "MS-SSIM": 0.9953129887580872,
  "D-SSIM": 0.0023435219191014767
 }
}