{
 "ours_20000": {
  "SSIM": {
   "00010.png": 0.9791116118431091,
   "00006.png": 0.9690865874290466,
   "00000.png": 0.9612811207771301,
   "00001.png": 0.9843162298202515,
   "00004.png": 0.9696820378303528,
   "00011.png": 0.9587920904159546,
   "00002.png": 0.9641577005386353,
   "00012.png": 0.9809982776641846,
   "00017.png": 0.9672764539718628,
   "00005.png": 0.9754157066345215,
   "00009.png": 0.9804355502128601,
   "00003.png": 0.9826445579528809,
   "00013.png": 0.9866533875465393,
   "00007.png": 0.9835428595542908,
   "00008.png": 0.986993670463562,
   "00018.png": 0.9848721027374268,
   "00014.png": 0.9856664538383484,
   "00015.png": 0.9876038432121277,
   "00019.png": 0.9494154453277588,
   "00016.png": 0.9887985587120056
  },
  "PSNR": {
   "00010.png": 33.00615692138672,
   "00006.png": 28.651058197021484,
   "00000.png": 28.632164001464844,
   "00001.png": 35.00095748901367,
   "00004.png": 30.664745330810547,
   "00011.png": 28.33393096923828,
   "00002.png": 30.405208587646484,
   "00012.png": 34.16654586791992,
   "00017.png": 30.933929443359375,
   "00005.png": 29.621553421020508,
   "00009.png": 34.3940315246582,
   "00003.png": 33.79649353027344,
   "00013.png": 36.842796325683594,
   "00007.png": 34.12397003173828,
   "00008.png": 35.20337677001953,
   "00018.png": 35.48991394042969,
   "00014.png": 35.94276428222656,
   "00015.png": 36.59366989135742,
   "00019.png": 28.292709350585938,
   "00016.png": 37.618614196777344
  },
  "LPIPS-vgg": {
   "00010.png": 0.02600998431444168,
   "00006.png": 0.028676483780145645,
   "00000.png": 0.03530176728963852,
   "00001.png": 0.022470951080322266,
   "00004.png": 0.028712216764688492,
   "00011.png": 0.0432799831032753,
   "00002.png": 0.037651270627975464,
   "00012.png": 0.026928424835205078,
   "00017.png": 0.039392657577991486,
   "00005.png": 0.025595910847187042,
   "00009.png": 0.023762965574860573,
   "00003.png": 0.021612025797367096,
   "00013.png": 0.01959538459777832,
   "00007.png": 0.01868360862135887,
   "00008.png": 0.017484843730926514,
   "00018.png": 0.02136792428791523,
   "00014.png": 0.019891809672117233,
   "00015.png": 0.018106848001480103,
   "00019.png": 0.045144714415073395,
   "00016.png": 0.01580788381397724
  },
  "LPIPS-alex": {
   "00010.png": 0.018115419894456863,
   "00006.png": 0.021236594766378403,
   "00000.png": 0.021874696016311646,
   "00001.png": 0.013683552853763103,
   "00004.png": 0.017475292086601257,
   "00011.png": 0.02852434664964676,
   "00002.png": 0.023196525871753693,
   "00012.png": 0.014229986816644669,
   "00017.png": 0.025392819195985794,
   "00005.png": 0.016874605789780617,
   "00009.png": 0.0136237982660532,
   "00003.png": 0.014876493252813816,
   "00013.png": 0.011499062180519104,
   "00007.png": 0.01191219687461853,
   "00008.png": 0.011273207142949104,
   "00018.png": 0.012269944883883,
   "00014.png": 0.012689067982137203,
   "00015.png": 0.011052656918764114,
   "00019.png": 0.028079397976398468,
   "00016.png": 0.008573664352297783
  },
  "MS-SSIM": {
   "00010.png": 0.9932832717895508,
   "00006.png": 0.979665219783783,
   "00000.png": 0.9799928665161133,
   "00001.png": 0.9947636127471924,
   "00004.png": 0.9861531257629395,
   "00011.png": 0.975730836391449,
   "00002.png": 0.9840118288993835,
   "00012.png": 0.9940367937088013,
   "00017.png": 0.9865546226501465,
   "00005.png": 0.9879903793334961,
   "00009.png": 0.9921265840530396,
   "00003.png": 0.9932758808135986,
   "00013.png": 0.9961122870445251,
   "00007.png": 0.9940678477287292,
   "00008.png": 0.9962241053581238,
   "00018.png": 0.9957208633422852,
   "00014.png": 0.9958386421203613,
   "00015.png": 0.9960067272186279,
   "00019.png": 0.9745310544967651,
   "00016.png": 0.9968686103820801
  },
  "D-SSIM": {
   "00010.png": 0.0033583641052246094,
   "00006.png": 0.01016739010810852,
   "00000.png": 0.01000356674194336,
   "00001.png": 0.0026181936264038086,
   "00004.png": 0.0069234371185302734,
   "00011.png": 0.012134581804275513,
   "00002.png": 0.007994085550308228,
   "00012.png": 0.0029816031455993652,
   "00017.png": 0.006722688674926758,
   "00005.png": 0.006004810333251953,
   "00009.png": 0.003936707973480225,
   "00003.png": 0.0033620595932006836,
   "00013.png": 0.0019438564777374268,
   "00007.png": 0.002966076135635376,
   "00008.png": 0.0018879473209381104,
   "00018.png": 0.002139568328857422,
   "00014.png": 0.002080678939819336,
   "00015.png": 0.001996636390686035,
   "00019.png": 0.012734472751617432,
   "00016.png": 0.001565694808959961
  }
 }
}