{
 "ours_20000": {
  "SSIM": 0.9763371348381042,
  "PSNR": 32.8857307434082,
  "LPIPS-vgg": 0.026773881167173386,
  "LPIPS-alex": 0.01682266592979431,
  "MS-SSIM": 0.9896477460861206,
  "D-SSIM": 0.005176120903342962
 }
}